id	theme	type	eyebrow	headline	support
01	memory	quote	Memory & Legacy	A photograph is the one thing that outlasts the moment it was made.	
02	memory	quote	Memory & Legacy	Made to become visual heirlooms for the generations who come after.	
03	memory	tip	Field Note	Print the ones that matter.	A file is a memory in waiting. A print is a memory kept.
04	memory	quote	Memory & Legacy	We don't take pictures. We keep them.	For the people not yet born to hold them.
05	memory	quote	Memory & Legacy	What you photograph today, someone will treasure in fifty years.	
06	memory	cta	Begin	Start your family legacy.	hello@timecapsuletapes.com
07	memory	quote	Memory & Legacy	Some moments are worth more than the second they happen in.	
08	memory	stat	Made to Last	Heirlooms,	not content.
09	doc	quote	Documentary	No studios. No filters. Only honest images.	
10	doc	quote	Documentary	The best photographs are found, not posed.	
11	doc	tip	Field Note	Forget the camera is there.	The picture you don't perform is the one worth keeping.
12	doc	question	A Question	What does your family look like when no one is performing?	
13	doc	quote	Documentary	We document what's real — presence, atmosphere, enduring value.	
14	doc	quote	Documentary	An honest image asks nothing of you but your presence.	
15	doc	cta	Work With Us	Want photographs that tell the truth?	hello@timecapsuletapes.com
16	doc	quote	Documentary	Presence over polish. Always.	
17	doc	question	A Question	When did you last look at a photograph and feel something?	
18	family	quote	Family & Connection	Real families. Real homes. Real stories.	
19	family	quote	Family & Connection	The warmth you're looking for already exists within your family.	We're just here to document it.
20	family	quote	Family & Connection	You live it.<br>We capture it.	
21	family	tip	Field Note	Choose the place your family already loves.	Familiar rooms make honest pictures.
22	family	question	A Question	Which room holds your family's story?	
23	family	quote	Family & Connection	Three generations in one frame isn't a photo. It's an inheritance.	
24	family	cta	Gather Everyone	Bring the whole family. We'll do the rest.	hello@timecapsuletapes.com
25	place	quote	Place & Culture	We make photographs of people, places, and the culture that connects them.	
26	place	quote	Place & Culture	Real homes, streets, gatherings and landscapes — turned into our canvas.	
27	place	stat	Based in Malta	Malta,	available across Europe.
28	place	tip	Field Note	Let the location speak.	The street you grew up on belongs in the picture.
29	place	quote	Place & Culture	Every place has a memory. We photograph it before it changes.	
30	place	quote	Place & Culture	Malta is small. Its stories are not.	
31	place	cta	Anywhere in Europe	From Valletta to anywhere you call home.	hello@timecapsuletapes.com
32	studio	quote	The Studio	Created with care, attention, and deep respect for what's real.	
33	studio	tip	Field Note	Good light and a little time beat any studio.	We work entirely on location.
34	studio	quote	The Studio	We work slowly, on purpose.	
35	studio	announcement	Now Booking	Family legacy sessions, Malta & Europe.	A limited number of sessions each season.
36	studio	cta	Tell Us Your Story	We'll shape it into something lasting.	hello@timecapsuletapes.com
37	studio	tip	Field Note	Wear what you'd wear on an ordinary Sunday.	The ordinary is exactly what we're after.
38	studio	announcement	A New Chapter	Documentary family legacy portraits.	A dedicated chapter of the studio.
39	studio	quote	The Studio	Care is the whole method.	
40	studio	cta	Say Hello	Your family's story, made to outlast the moment.	hello@timecapsuletapes.com
